{
"lengthUnit": "mil",
"components": {
	"fields": ["COMPONENT_NO", "COMPONENT_NAME", "LAYER", "X_COORDINATE", "Y_COORDINATE", "ANGLE"],
	"rows": [
		[1, "1", "T", 1940, 1405, 0],
		[2, "RPI1", "T", 1390, 760, 180],
		[3, "U1", "T", 435, 2240, 0],
		[4, "U2", "T", 900, 1230, 0],
		[5, "U3", "T", 1765, 2105, 0],
		[6, "U4", "T", 1430, 2215, 180],
		[7, "U5", "T", 490, 1615, 0],
		[8, "U6", "T", 970, 1610, 0],
		[9, "U7", "T", 2250, 2180, 270]
	]
},
"pins": {
	"fields": ["PIN_NO", "PIN_NAME", "PIN_X", "PIN_Y", "LAYER", "PIN_TYPE", "NET_NAME", "NET_TYPE", "PAD_SHAPE", "PAD_SIZEX", "PAD_SIZEY", "HOLE_SIZE", "PAD_ANGLE"],
	"rows": [
		[1, "1_+5V", 2165.59, 1050.67, "T", "DIP", "USB_POWER", "", "C", 59.37, 59.37, 39.37, 0],
		[2, "1_+5V", 2165.59, 1050.67, "B", "DIP", "USB_POWER", "", "C", 59.37, 59.37, 39.37, 0],
		[3, "1_GND", 2265.59, 1050.67, "T", "DIP", "PGND", "", "C", 59.37, 59.37, 39.37, 0],
		[4, "1_GND", 2265.59, 1050.67, "B", "DIP", "PGND", "", "C", 59.37, 59.37, 39.37, 0],
		[5, "1_IN.COM", 1740.59, 1050.67, "T", "DIP", "U3_2", "", "C", 59.37, 59.37, 39.37, 0],
		[6, "1_IN.COM", 1740.59, 1050.67, "B", "DIP", "U3_2", "", "C", 59.37, 59.37, 39.37, 0],
		[7, "1_IN.L", 1640.59, 1050.67, "T", "DIP", "U3_1", "", "C", 59.37, 59.37, 39.37, 0],
		[8, "1_IN.L", 1640.59, 1050.67, "B", "DIP", "U3_1", "", "C", 59.37, 59.37, 39.37, 0],
		[9, "1_IN.R", 1840.59, 1050.67, "T", "DIP", "1_IN.R", "", "C", 59.37, 59.37, 39.37, 0],
		[10, "1_IN.R", 1840.59, 1050.67, "B", "DIP", "1_IN.R", "", "C", 59.37, 59.37, 39.37, 0],
		[11, "1_OUT.L+", 1765.59, 1750.67, "T", "DIP", "1_OUT.L+", "", "C", 59.37, 59.37, 39.37, 0],
		[12, "1_OUT.L+", 1765.59, 1750.67, "B", "DIP", "1_OUT.L+", "", "C", 59.37, 59.37, 39.37, 0],
		[13, "1_OUT.L-", 1665.59, 1750.67, "T", "DIP", "1_OUT.L-", "", "C", 59.37, 59.37, 39.37, 0],
		[14, "1_OUT.L-", 1665.59, 1750.67, "B", "DIP", "1_OUT.L-", "", "C", 59.37, 59.37, 39.37, 0],
		[15, "1_OUT.R+", 2115.59, 1750.67, "T", "DIP", "U4_1", "", "C", 59.37, 59.37, 39.37, 0],
		[16, "1_OUT.R+", 2115.59, 1750.67, "B", "DIP", "U4_1", "", "C", 59.37, 59.37, 39.37, 0],
		[17, "1_OUT.R-", 2215.59, 1750.67, "T", "DIP", "U4_2", "", "C", 59.37, 59.37, 39.37, 0],
		[18, "1_OUT.R-", 2215.59, 1750.67, "B", "DIP", "U4_2", "", "C", 59.37, 59.37, 39.37, 0],
		[19, "RPI1_1", 2290, 860, "T", "DIP", "3V", "", "C", 62.99, 62.99, 35.43, 180],
		[20, "RPI1_1", 2290, 860, "B", "DIP", "3V", "", "C", 62.99, 62.99, 35.43, 180],
		[21, "RPI1_2", 2290, 760, "T", "DIP", "5V", "", "C", 62.99, 62.99, 35.43, 180],
		[22, "RPI1_2", 2290, 760, "B", "DIP", "5V", "", "C", 62.99, 62.99, 35.43, 180],
		[23, "RPI1_3", 2190, 860, "T", "DIP", "I2C_SD", "", "C", 62.99, 62.99, 35.43, 180],
		[24, "RPI1_3", 2190, 860, "B", "DIP", "I2C_SD", "", "C", 62.99, 62.99, 35.43, 180],
		[25, "RPI1_4", 2190, 760, "T", "DIP", "RPI1_4", "", "C", 62.99, 62.99, 35.43, 180],
		[26, "RPI1_4", 2190, 760, "B", "DIP", "RPI1_4", "", "C", 62.99, 62.99, 35.43, 180],
		[27, "RPI1_5", 2090, 860, "T", "DIP", "I2C_SC", "", "C", 62.99, 62.99, 35.43, 180],
		[28, "RPI1_5", 2090, 860, "B", "DIP", "I2C_SC", "", "C", 62.99, 62.99, 35.43, 180],
		[29, "RPI1_6", 2090, 760, "T", "DIP", "GND", "GND", "C", 62.99, 62.99, 35.43, 180],
		[30, "RPI1_6", 2090, 760, "B", "DIP", "GND", "GND", "C", 62.99, 62.99, 35.43, 180],
		[31, "RPI1_7", 1990, 860, "T", "DIP", "RPI1_7", "", "C", 62.99, 62.99, 35.43, 180],
		[32, "RPI1_7", 1990, 860, "B", "DIP", "RPI1_7", "", "C", 62.99, 62.99, 35.43, 180],
		[33, "RPI1_8", 1990, 760, "T", "DIP", "RPI1_8", "", "C", 62.99, 62.99, 35.43, 180],
		[34, "RPI1_8", 1990, 760, "B", "DIP", "RPI1_8", "", "C", 62.99, 62.99, 35.43, 180],
		[35, "RPI1_9", 1890, 860, "T", "DIP", "RPI1_9", "", "C", 62.99, 62.99, 35.43, 180],
		[36, "RPI1_9", 1890, 860, "B", "DIP", "RPI1_9", "", "C", 62.99, 62.99, 35.43, 180],
		[37, "RPI1_10", 1890, 760, "T", "DIP", "RPI1_10", "", "C", 62.99, 62.99, 35.43, 180],
		[38, "RPI1_10", 1890, 760, "B", "DIP", "RPI1_10", "", "C", 62.99, 62.99, 35.43, 180],
		[39, "RPI1_11", 1790, 860, "T", "DIP", "RPI1_11", "", "C", 62.99, 62.99, 35.43, 180],
		[40, "RPI1_11", 1790, 860, "B", "DIP", "RPI1_11", "", "C", 62.99, 62.99, 35.43, 180],
		[41, "RPI1_12", 1790, 760, "T", "DIP", "RPI1_12", "", "C", 62.99, 62.99, 35.43, 180],
		[42, "RPI1_12", 1790, 760, "B", "DIP", "RPI1_12", "", "C", 62.99, 62.99, 35.43, 180],
		[43, "RPI1_13", 1690, 860, "T", "DIP", "RPI1_13", "", "C", 62.99, 62.99, 35.43, 180],
		[44, "RPI1_13", 1690, 860, "B", "DIP", "RPI1_13", "", "C", 62.99, 62.99, 35.43, 180],
		[45, "RPI1_14", 1690, 760, "T", "DIP", "RPI1_14", "", "C", 62.99, 62.99, 35.43, 180],
		[46, "RPI1_14", 1690, 760, "B", "DIP", "RPI1_14", "", "C", 62.99, 62.99, 35.43, 180],
		[47, "RPI1_15", 1590, 860, "T", "DIP", "RPI1_15", "", "C", 62.99, 62.99, 35.43, 180],
		[48, "RPI1_15", 1590, 860, "B", "DIP", "RPI1_15", "", "C", 62.99, 62.99, 35.43, 180],
		[49, "RPI1_16", 1590, 760, "T", "DIP", "RPI1_16", "", "C", 62.99, 62.99, 35.43, 180],
		[50, "RPI1_16", 1590, 760, "B", "DIP", "RPI1_16", "", "C", 62.99, 62.99, 35.43, 180],
		[51, "RPI1_17", 1490, 860, "T", "DIP", "RPI1_17", "", "C", 62.99, 62.99, 35.43, 180],
		[52, "RPI1_17", 1490, 860, "B", "DIP", "RPI1_17", "", "C", 62.99, 62.99, 35.43, 180],
		[53, "RPI1_18", 1490, 760, "T", "DIP", "RPI1_18", "", "C", 62.99, 62.99, 35.43, 180],
		[54, "RPI1_18", 1490, 760, "B", "DIP", "RPI1_18", "", "C", 62.99, 62.99, 35.43, 180],
		[55, "RPI1_19", 1390, 860, "T", "DIP", "RPI1_19", "", "C", 62.99, 62.99, 35.43, 180],
		[56, "RPI1_19", 1390, 860, "B", "DIP", "RPI1_19", "", "C", 62.99, 62.99, 35.43, 180],
		[57, "RPI1_20", 1390, 760, "T", "DIP", "RPI1_20", "", "C", 62.99, 62.99, 35.43, 180],
		[58, "RPI1_20", 1390, 760, "B", "DIP", "RPI1_20", "", "C", 62.99, 62.99, 35.43, 180],
		[59, "RPI1_21", 1290, 860, "T", "DIP", "RPI1_21", "", "C", 62.99, 62.99, 35.43, 180],
		[60, "RPI1_21", 1290, 860, "B", "DIP", "RPI1_21", "", "C", 62.99, 62.99, 35.43, 180],
		[61, "RPI1_22", 1290, 760, "T", "DIP", "RPI1_22", "", "C", 62.99, 62.99, 35.43, 180],
		[62, "RPI1_22", 1290, 760, "B", "DIP", "RPI1_22", "", "C", 62.99, 62.99, 35.43, 180],
		[63, "RPI1_23", 1190, 860, "T", "DIP", "RPI1_23", "", "C", 62.99, 62.99, 35.43, 180],
		[64, "RPI1_23", 1190, 860, "B", "DIP", "RPI1_23", "", "C", 62.99, 62.99, 35.43, 180],
		[65, "RPI1_24", 1190, 760, "T", "DIP", "RPI1_24", "", "C", 62.99, 62.99, 35.43, 180],
		[66, "RPI1_24", 1190, 760, "B", "DIP", "RPI1_24", "", "C", 62.99, 62.99, 35.43, 180],
		[67, "RPI1_25", 1090, 860, "T", "DIP", "RPI1_25", "", "C", 62.99, 62.99, 35.43, 180],
		[68, "RPI1_25", 1090, 860, "B", "DIP", "RPI1_25", "", "C", 62.99, 62.99, 35.43, 180],
		[69, "RPI1_26", 1090, 760, "T", "DIP", "RPI1_26", "", "C", 62.99, 62.99, 35.43, 180],
		[70, "RPI1_26", 1090, 760, "B", "DIP", "RPI1_26", "", "C", 62.99, 62.99, 35.43, 180],
		[71, "RPI1_27", 990, 860, "T", "DIP", "RPI1_27", "", "C", 62.99, 62.99, 35.43, 180],
		[72, "RPI1_27", 990, 860, "B", "DIP", "RPI1_27", "", "C", 62.99, 62.99, 35.43, 180],
		[73, "RPI1_28", 990, 760, "T", "DIP", "RPI1_28", "", "C", 62.99, 62.99, 35.43, 180],
		[74, "RPI1_28", 990, 760, "B", "DIP", "RPI1_28", "", "C", 62.99, 62.99, 35.43, 180],
		[75, "RPI1_29", 890, 860, "T", "DIP", "RPI1_29", "", "C", 62.99, 62.99, 35.43, 180],
		[76, "RPI1_29", 890, 860, "B", "DIP", "RPI1_29", "", "C", 62.99, 62.99, 35.43, 180],
		[77, "RPI1_30", 890, 760, "T", "DIP", "RPI1_30", "", "C", 62.99, 62.99, 35.43, 180],
		[78, "RPI1_30", 890, 760, "B", "DIP", "RPI1_30", "", "C", 62.99, 62.99, 35.43, 180],
		[79, "RPI1_31", 790, 860, "T", "DIP", "RPI1_31", "", "C", 62.99, 62.99, 35.43, 180],
		[80, "RPI1_31", 790, 860, "B", "DIP", "RPI1_31", "", "C", 62.99, 62.99, 35.43, 180],
		[81, "RPI1_32", 790, 760, "T", "DIP", "RPI1_32", "", "C", 62.99, 62.99, 35.43, 180],
		[82, "RPI1_32", 790, 760, "B", "DIP", "RPI1_32", "", "C", 62.99, 62.99, 35.43, 180],
		[83, "RPI1_33", 690, 860, "T", "DIP", "RPI1_33", "", "C", 62.99, 62.99, 35.43, 180],
		[84, "RPI1_33", 690, 860, "B", "DIP", "RPI1_33", "", "C", 62.99, 62.99, 35.43, 180],
		[85, "RPI1_34", 690, 760, "T", "DIP", "RPI1_34", "", "C", 62.99, 62.99, 35.43, 180],
		[86, "RPI1_34", 690, 760, "B", "DIP", "RPI1_34", "", "C", 62.99, 62.99, 35.43, 180],
		[87, "RPI1_35", 590, 860, "T", "DIP", "RPI1_35", "", "C", 62.99, 62.99, 35.43, 180],
		[88, "RPI1_35", 590, 860, "B", "DIP", "RPI1_35", "", "C", 62.99, 62.99, 35.43, 180],
		[89, "RPI1_36", 590, 760, "T", "DIP", "RPI1_36", "", "C", 62.99, 62.99, 35.43, 180],
		[90, "RPI1_36", 590, 760, "B", "DIP", "RPI1_36", "", "C", 62.99, 62.99, 35.43, 180],
		[91, "RPI1_37", 490, 860, "T", "DIP", "RPI1_37", "", "C", 62.99, 62.99, 35.43, 180],
		[92, "RPI1_37", 490, 860, "B", "DIP", "RPI1_37", "", "C", 62.99, 62.99, 35.43, 180],
		[93, "RPI1_38", 490, 760, "T", "DIP", "RPI1_38", "", "C", 62.99, 62.99, 35.43, 180],
		[94, "RPI1_38", 490, 760, "B", "DIP", "RPI1_38", "", "C", 62.99, 62.99, 35.43, 180],
		[95, "RPI1_39", 390, 860, "T", "DIP", "RPI1_39", "", "C", 62.99, 62.99, 35.43, 180],
		[96, "RPI1_39", 390, 860, "B", "DIP", "RPI1_39", "", "C", 62.99, 62.99, 35.43, 180],
		[97, "RPI1_40", 390, 760, "T", "DIP", "RPI1_40", "", "C", 62.99, 62.99, 35.43, 180],
		[98, "RPI1_40", 390, 760, "B", "DIP", "RPI1_40", "", "C", 62.99, 62.99, 35.43, 180],
		[99, "U1_1", 435, 2240, "T", "DIP", "1_OUT.L-", "", "C", 60, 60, 36, 0],
		[100, "U1_1", 435, 2240, "B", "DIP", "1_OUT.L-", "", "C", 60, 60, 36, 0],
		[101, "U1_2", 535, 2240, "T", "DIP", "1_OUT.L+", "", "C", 60, 60, 36, 0],
		[102, "U1_2", 535, 2240, "B", "DIP", "1_OUT.L+", "", "C", 60, 60, 36, 0],
		[103, "U2_1", 475, 1350, "T", "DIP", "5V", "", "C", 60, 60, 36, 0],
		[104, "U2_1", 475, 1350, "B", "DIP", "5V", "", "C", 60, 60, 36, 0],
		[105, "U2_2", 575, 1350, "T", "DIP", "GND", "GND", "C", 60, 60, 36, 0],
		[106, "U2_2", 575, 1350, "B", "DIP", "GND", "GND", "C", 60, 60, 36, 0],
		[107, "U2_3", 675, 1350, "T", "DIP", "I2C_SC", "", "C", 60, 60, 36, 0],
		[108, "U2_3", 675, 1350, "B", "DIP", "I2C_SC", "", "C", 60, 60, 36, 0],
		[109, "U2_4", 775, 1350, "T", "DIP", "I2C_SD", "", "C", 60, 60, 36, 0],
		[110, "U2_4", 775, 1350, "B", "DIP", "I2C_SD", "", "C", 60, 60, 36, 0],
		[111, "U2_5", 875, 1350, "T", "DIP", "U2_5", "", "C", 60, 60, 36, 0],
		[112, "U2_5", 875, 1350, "B", "DIP", "U2_5", "", "C", 60, 60, 36, 0],
		[113, "U2_6", 975, 1350, "T", "DIP", "U2_6", "", "C", 60, 60, 36, 0],
		[114, "U2_6", 975, 1350, "B", "DIP", "U2_6", "", "C", 60, 60, 36, 0],
		[115, "U2_7", 1075, 1350, "T", "DIP", "ANALOG", "", "C", 60, 60, 36, 0],
		[116, "U2_7", 1075, 1350, "B", "DIP", "ANALOG", "", "C", 60, 60, 36, 0],
		[117, "U2_8", 1175, 1350, "T", "DIP", "U2_8", "", "C", 60, 60, 36, 0],
		[118, "U2_8", 1175, 1350, "B", "DIP", "U2_8", "", "C", 60, 60, 36, 0],
		[119, "U2_9", 1275, 1350, "T", "DIP", "U2_9", "", "C", 60, 60, 36, 0],
		[120, "U2_9", 1275, 1350, "B", "DIP", "U2_9", "", "C", 60, 60, 36, 0],
		[121, "U2_10", 1375, 1350, "T", "DIP", "U2_10", "", "C", 60, 60, 36, 0],
		[122, "U2_10", 1375, 1350, "B", "DIP", "U2_10", "", "C", 60, 60, 36, 0],
		[123, "U3_1", 1765, 2105, "T", "DIP", "U3_1", "", "C", 60, 60, 36, 0],
		[124, "U3_1", 1765, 2105, "B", "DIP", "U3_1", "", "C", 60, 60, 36, 0],
		[125, "U3_2", 1865, 2105, "T", "DIP", "U3_2", "", "C", 60, 60, 36, 0],
		[126, "U3_2", 1865, 2105, "B", "DIP", "U3_2", "", "C", 60, 60, 36, 0],
		[127, "U4_1", 1430, 2215, "T", "DIP", "U4_1", "", "C", 60, 60, 36, 180],
		[128, "U4_1", 1430, 2215, "B", "DIP", "U4_1", "", "C", 60, 60, 36, 180],
		[129, "U4_2", 1330, 2215, "T", "DIP", "U4_2", "", "C", 60, 60, 36, 180],
		[130, "U4_2", 1330, 2215, "B", "DIP", "U4_2", "", "C", 60, 60, 36, 180],
		[131, "U5_1", 490, 1615, "T", "DIP", "5V", "", "C", 60, 60, 36, 0],
		[132, "U5_1", 490, 1615, "B", "DIP", "5V", "", "C", 60, 60, 36, 0],
		[133, "U5_2", 590, 1615, "T", "DIP", "GND", "GND", "C", 60, 60, 36, 0],
		[134, "U5_2", 590, 1615, "B", "DIP", "GND", "GND", "C", 60, 60, 36, 0],
		[135, "U5_3", 690, 1615, "T", "DIP", "ANALOG", "", "C", 60, 60, 36, 0],
		[136, "U5_3", 690, 1615, "B", "DIP", "ANALOG", "", "C", 60, 60, 36, 0],
		[137, "U6_1", 970, 1610, "T", "DIP", "3V", "", "C", 60, 60, 36, 0],
		[138, "U6_1", 970, 1610, "B", "DIP", "3V", "", "C", 60, 60, 36, 0],
		[139, "U6_2", 1070, 1610, "T", "DIP", "GND", "GND", "C", 60, 60, 36, 0],
		[140, "U6_2", 1070, 1610, "B", "DIP", "GND", "GND", "C", 60, 60, 36, 0],
		[141, "U6_3", 1170, 1610, "T", "DIP", "I2C_SC", "", "C", 60, 60, 36, 0],
		[142, "U6_3", 1170, 1610, "B", "DIP", "I2C_SC", "", "C", 60, 60, 36, 0],
		[143, "U6_4", 1270, 1610, "T", "DIP", "I2C_SD", "", "C", 60, 60, 36, 0],
		[144, "U6_4", 1270, 1610, "B", "DIP", "I2C_SD", "", "C", 60, 60, 36, 0],
		[145, "U7_1", 2250, 2180, "T", "DIP", "USB_POWER", "", "C", 60, 60, 36, 270],
		[146, "U7_1", 2250, 2180, "B", "DIP", "USB_POWER", "", "C", 60, 60, 36, 270],
		[147, "U7_2", 2250, 2080, "T", "DIP", "PGND", "", "C", 60, 60, 36, 270],
		[148, "U7_2", 2250, 2080, "B", "DIP", "PGND", "", "C", 60, 60, 36, 270]
	]
}
}